{
    "learning_rate": 0.0002857746011719599,
    "n_steps": 2048,
    "batch_size": 128,
    "gae_lambda": 0.9630057568488001,
    "gamma": 0.9412285170911124,
    "n_epochs": 15,
    "ent_coef": 0.07242235995655852,
    "clip_range": 0.18064042651862963,
    "pi_l1": 64,
    "pi_l2": 128,
    "vf_l1": 256,
    "vf_l2": 128
}