{
    "learning_rate": 3.8386571850138356e-05,
    "n_steps": 512,
    "batch_size": 64,
    "gamma": 0.9918391202716255,
    "gae_lambda": 0.9375173320209425,
    "clip_range": 0.18272795910875353,
    "ent_coef": 0.009568966208198346,
    "vf_coef": 0.6306784594072512,
    "max_grad_norm": 0.6699995805184498
}